entry_time,exit_time,symbol,action,entry_price,exit_price,position_size,quantity,pnl,pnl_percent,confidence,fear_greed_index,status
2025-10-20T15:29:45.147444,2025-10-20T15:29:45.147444,BTC-USD,BUY,66971.47900499999,66904.540995,0.02,0.00783888854616232,-0.5247195998917694,-0.09995002498748295,0.8082783853868672,68.04639756447787,CLOSED
2025-10-20T15:29:45.147444,2025-10-20T15:29:45.148548,BTC-USD,SELL,66904.540995,66971.47900499999,0.02,0.007378154845957756,-0.4938790028601468,-0.09995002498748295,0.7856748134607897,35.720864423201704,CLOSED
2025-10-20T15:29:45.148548,2025-10-20T15:29:45.149550,BTC-USD,BUY,66971.47900499999,66904.540995,0.02,0.006788984822227498,-0.45444113392000035,-0.09995002498748295,0.7668321500246993,61.13869167078321,CLOSED
2025-10-20T15:29:45.149550,2025-10-20T15:29:45.151450,BTC-USD,SELL,66904.540995,66971.47900499999,0.02,0.005252757157442078,-0.3516091111323426,-0.09995002498748295,0.7439011579651987,32.683140339133544,CLOSED
2025-10-20T15:29:45.155553,2025-10-20T15:29:45.156090,BTC-USD,BUY,66971.47900499999,66904.540995,0.02,0.004542982566444948,-0.30409821246244256,-0.09995002498748295,0.7617544325337142,60.2924054222857,CLOSED
2025-10-20T15:29:45.156090,2025-10-20T15:29:45.156090,BTC-USD,SELL,66904.540995,66971.47900499999,0.0261087024341393,0.005814939327867025,-0.38924046687806013,-0.09995002498748295,0.8031433332561543,27.80944445730763,CLOSED
2025-10-20T15:29:45.156090,2025-10-20T15:29:45.156090,BTC-USD,STRONG_BUY,66971.47900499999,66904.540995,0.02,0.004449606084610099,-0.2978477765876182,-0.09995002498748295,0.779162091993995,78.19368199899917,CLOSED
2025-10-20T15:29:45.156633,2025-10-20T15:29:45.156633,BTC-USD,SELL,66904.540995,66971.47900499999,0.027945125865383218,0.004175872061654404,-0.2795245658216741,-0.09995002498748295,0.8352763261988396,27.45394563352673,CLOSED
2025-10-20T15:29:45.159558,2025-10-20T15:29:45.160833,BTC-USD,BUY,66971.47900499999,66904.540995,0.02,0.002275806208436877,-0.15233793873837218,-0.09995002498748295,0.7777942379666513,62.965706327775216,CLOSED
2025-10-20T15:29:45.162839,2025-10-20T15:29:45.163730,BTC-USD,SELL,66904.540995,66971.47900499999,0.02,0.001596406931820846,-0.10686030316626674,-0.09995002498748295,0.7702514386342121,38.29142689429798,CLOSED
2025-10-20T15:29:45.163730,2025-10-20T15:29:45.163730,BTC-USD,BUY,66971.47900499999,66904.540995,0.02,0.0015621538873218516,-0.10456747253106316,-0.09995002498748295,0.6418452751112588,60.307545851876455,CLOSED
2025-10-20T15:29:45.173429,2025-10-20T15:29:45.174489,BTC-USD,SELL,66904.540995,66971.47900499999,0.02,0.00028584305667315064,-0.0191337653860132,-0.09995002498748295,0.7717306909731633,38.044884837806116,CLOSED
2025-10-20T15:29:45.178813,2025-10-20T15:29:45.179482,BTC-USD,BUY,66971.47900499999,66904.540995,0.02,0.0002472187437425304,-0.016548330740820853,-0.09995002498748295,0.627297408555298,67.882901425883,CLOSED
2025-10-20T15:29:45.179482,2025-10-20T15:29:45.179482,BTC-USD,SELL,66904.540995,66971.47900499999,0.02,0.00023754099376760988,-0.015900521416222283,-0.09995002498748295,0.7312457113662815,39.79238143895309,CLOSED
2025-10-20T15:29:45.180588,2025-10-20T15:29:45.180588,BTC-USD,BUY,66971.47900499999,66904.540995,0.02,0.00021410739367507588,-0.01433192285889263,-0.09995002498748295,0.7659212396051693,60.98687326752823,CLOSED
2025-10-20T15:29:45.180588,2025-10-20T15:29:45.181891,BTC-USD,SELL,66904.540995,66971.47900499999,0.02,0.00019740460176957927,-0.013213871207294853,-0.09995002498748295,0.6428267642367362,34.52887262721064,CLOSED
2025-10-20T15:29:45.183891,2025-10-20T15:29:45.185192,BTC-USD,STRONG_BUY,66971.47900499999,66904.540995,0.02,4.98684410585926e-05,-0.0033380942062636583,-0.09995002498748295,0.8130054760067239,78.83424600112065,CLOSED
2025-10-20T15:29:45.190202,2025-10-20T15:29:45.191199,BTC-USD,SELL,66904.540995,66971.47900499999,0.02,1.6453361603519737e-05,-0.0011013552835497484,-0.09995002498748295,0.5793294667194785,35.111755546753585,CLOSED
2025-10-20T15:29:45.191199,2025-10-20T15:29:45.191199,BTC-USD,BUY,66971.47900499999,66904.540995,0.02,1.401986213623452e-05,-0.000938461671873656,-0.09995002498748295,0.7055011174507693,60.91685290846155,CLOSED
2025-10-20T15:29:45.191199,2025-10-20T15:29:45.193406,BTC-USD,SELL,66904.540995,66971.47900499999,0.02,1.3746513305180425e-05,-0.0009201642450870733,-0.09995002498748295,0.6793582019426445,38.44029967622592,CLOSED
2025-10-20T15:29:45.194421,2025-10-20T15:29:45.194421,BTC-USD,BUY,66971.47900499999,66904.540995,0.02,1.2648564122050557e-05,-0.0008466697116872524,-0.09995002498748295,0.7512937287111874,63.5489547851979,CLOSED
2025-10-20T15:29:45.194421,2025-10-20T15:29:45.194421,BTC-USD,SELL,66904.540995,66971.47900499999,0.02,1.2401704111917761e-05,-0.0008301453938603874,-0.09995002498748295,0.7647221972976042,39.21296711706596,CLOSED
2025-10-20T15:29:45.194421,2025-10-20T15:29:45.194421,BTC-USD,BUY,66971.47900499999,66904.540995,0.02,1.214053093176882e-05,-0.00081266298091585,-0.09995002498748295,0.7671411559036716,66.19019265061192,CLOSED
2025-10-20T15:29:45.194421,2025-10-20T15:29:45.194421,BTC-USD,SELL,66904.540995,66971.47900499999,0.02,1.1908890327860379e-05,-0.0007971574198550245,-0.09995002498748295,0.7808944887613176,36.517585206447066,CLOSED
2025-10-20T15:29:45.196498,2025-10-20T15:29:45.197712,BTC-USD,BUY,66971.47900499999,66904.540995,0.02,8.37110331851524e-06,-0.0005603449976456681,-0.09995002498748295,0.6435549756284699,60.592495938078294,CLOSED
2025-10-20T15:29:45.205118,2025-10-20T15:29:45.205118,BTC-USD,SELL,66904.540995,66971.47900499999,0.02,4.048596509336526e-06,-0.00027100499362786655,-0.09995002498748295,0.5835544931722911,39.40758447128481,CLOSED
2025-10-20T15:29:45.205118,2025-10-20T15:29:45.205118,BTC-USD,BUY,66971.47900499999,66904.540995,0.02,3.9617284599009285e-06,-0.0002651902192660675,-0.09995002498748295,0.750391108682112,63.398518113685334,CLOSED
2025-10-20T15:29:45.208858,2025-10-20T15:29:45.208858,BTC-USD,SELL,66904.540995,66971.47900499999,0.02,1.6811081138812298e-06,-0.00011253003173803513,-0.09995002498748295,0.6842409515422042,37.626508076299295,CLOSED
2025-10-20T15:29:45.208858,2025-10-20T15:29:45.208858,BTC-USD,BUY,66971.47900499999,66904.540995,0.028564069800895524,2.2474241783820293e-06,-0.00015043810212674093,-0.09995002498748295,0.8368031929091727,72.8005321515288,CLOSED
2025-10-20T15:29:45.208858,2025-10-20T15:29:45.209860,BTC-USD,SELL,66904.540995,66971.47900499999,0.02,1.1801334688690325e-06,-7.899578594047049e-05,-0.09995002498748295,0.7688260431298712,38.52899281168811,CLOSED
2025-10-20T15:29:45.212458,2025-10-20T15:29:45.212458,BTC-USD,BUY,66971.47900499999,66904.540995,0.02,3.806436078973815e-07,-2.5479525631864712e-05,-0.09995002498748295,0.765923994673165,60.9873324455275,CLOSED
2025-10-20T15:29:45.212458,2025-10-20T15:29:45.213460,BTC-USD,SELL,66904.540995,66971.47900499999,0.02,3.732221116785596e-07,-2.4982745443754375e-05,-0.09995002498748295,0.6100514720431817,39.99142132613639,CLOSED
2025-10-20T15:29:45.215464,2025-10-20T15:29:45.216462,BTC-USD,BUY,66971.47900499999,66904.540995,0.02,2.049379184915821e-07,-1.3718136437365322e-05,-0.09995002498748295,0.7676024905873033,61.26708176455057,CLOSED
2025-10-20T15:29:45.227281,2025-10-20T15:29:45.228309,BTC-USD,SELL,66904.540995,66971.47900499999,0.02,4.624198011835707e-08,-3.0953461275816228e-06,-0.09995002498748295,0.6402841026030555,39.95264956615744,CLOSED
2025-10-20T15:29:45.231391,2025-10-20T15:29:45.232392,BTC-USD,BUY,66971.47900499999,66904.540995,0.02,2.1547585272511426e-08,-1.4423524784468666e-06,-0.09995002498748295,0.8056319489962703,67.60532483271173,CLOSED
2025-10-20T15:29:45.239623,2025-10-20T15:29:45.241524,ETH-USD,BUY,2588.41356,2585.82644,0.02,1.6263752791129817e-07,-4.207628012099006e-07,-0.09995002498751626,0.6744765222065363,60.74608703442272,CLOSED
2025-10-20T15:29:45.241524,2025-10-20T15:29:45.241524,ETH-USD,SELL,2585.82644,2588.41356,0.02,1.59466546517181e-07,-4.125590918255518e-07,-0.09995002498751626,0.7629135899482593,39.51440167529011,CLOSED
2025-10-20T15:29:45.244627,2025-10-20T15:29:45.244627,ETH-USD,BUY,2588.41356,2585.82644,0.02,1.106218407886403e-07,-2.8619197674112267e-07,-0.09995002498751626,0.7601326059301823,60.02210098836371,CLOSED
2025-10-20T15:29:45.244627,2025-10-20T15:29:45.244627,ETH-USD,SELL,2585.82644,2588.41356,0.02,1.0846463218191924e-07,-2.8061101921050215e-07,-0.09995002498751626,0.7660319939249938,38.99466767916769,CLOSED
2025-10-20T15:29:45.244627,2025-10-20T15:29:45.244627,ETH-USD,BUY,2588.41356,2585.82644,0.02,9.980144234906607e-08,-2.581983075301299e-07,-0.09995002498751626,0.5557632477475082,60.96054129125136,CLOSED
2025-10-20T15:29:45.244627,2025-10-20T15:29:45.244627,ETH-USD,SELL,2585.82644,2588.41356,0.02,9.785363350437615e-08,-2.531590923118554e-07,-0.09995002498751626,0.7810185164104793,36.49691393158678,CLOSED
2025-10-20T15:29:45.244627,2025-10-20T15:29:45.244627,ETH-USD,BUY,2588.41356,2585.82644,0.02319832725790499,1.1111396158039268e-07,-2.8746515228388114e-07,-0.09995002498751626,0.7679667885493849,71.32779809156415,CLOSED
2025-10-20T15:29:45.244627,2025-10-20T15:29:45.244627,ETH-USD,SELL,2585.82644,2588.41356,0.02,9.588205968463606e-08,-2.4805839425132914e-07,-0.09995002498751626,0.7833299672046101,36.111672132564976,CLOSED
2025-10-20T15:29:45.244627,2025-10-20T15:29:45.244627,ETH-USD,BUY,2588.41356,2585.82644,0.02,8.455990558672258e-08,-2.1876662294153363e-07,-0.09995002498751626,0.7408332791048146,66.80554651746908,CLOSED
2025-10-20T15:29:45.244627,2025-10-20T15:29:45.244627,ETH-USD,SELL,2585.82644,2588.41356,0.02,8.111914160845023e-08,-2.0986495363806518e-07,-0.09995002498751626,0.6792537328409373,33.45771119317713,CLOSED
2025-10-20T15:29:45.247846,2025-10-20T15:29:45.248853,ETH-USD,BUY,2588.41356,2585.82644,0.02,6.198326560638878e-08,-1.603581461156093e-07,-0.09995002498751626,0.6423178783910606,65.38631306517676,CLOSED
2025-10-20T15:29:45.249537,2025-10-20T15:29:45.251540,ETH-USD,SELL,2585.82644,2588.41356,0.02,4.021200999536625e-08,-1.040332952992176e-07,-0.09995002498751626,0.6338747521960075,36.020874633998744,CLOSED
2025-10-20T15:29:45.251540,2025-10-20T15:29:45.252540,ETH-USD,BUY,2588.41356,2585.82644,0.02,3.530296994378927e-08,-9.133301960098108e-08,-0.09995002498751626,0.7697391647310848,61.62319412184748,CLOSED
2025-10-20T15:29:45.254540,2025-10-20T15:29:45.255542,ETH-USD,SELL,2585.82644,2588.41356,0.02,2.024077482049203e-08,-5.236531335359419e-08,-0.09995002498751626,0.7951344266559702,34.144262224004954,CLOSED
2025-10-20T15:29:45.256649,2025-10-20T15:29:45.257257,ETH-USD,BUY,2588.41356,2585.82644,0.02,1.7147986486672366e-08,-4.4363898799402227e-08,-0.09995002498751626,0.5510797056508058,60.17995094180096,CLOSED
2025-10-20T15:29:45.258361,2025-10-20T15:29:45.259365,ETH-USD,SELL,2585.82644,2588.41356,0.02,7.636606737157236e-09,-1.9756818021835303e-08,-0.09995002498751626,0.6616851051326261,36.38581581122898,CLOSED
2025-10-20T15:29:45.259365,2025-10-20T15:29:45.259365,ETH-USD,BUY,2588.41356,2585.82644,0.02,7.472753132564436e-09,-1.9332909084321156e-08,-0.09995002498751626,0.5774456548575504,64.57427580959174,CLOSED
2025-10-20T15:29:45.259365,2025-10-20T15:29:45.259365,ETH-USD,SELL,2585.82644,2588.41356,0.02,7.479781034459993e-09,-1.935109110987319e-08,-0.09995002498751626,0.7166300969304872,37.228317178252134,CLOSED
2025-10-20T15:29:45.259365,2025-10-20T15:29:45.260365,ETH-USD,BUY,2588.41356,2585.82644,0.02,7.471856428866262e-09,-1.9330589204249535e-08,-0.09995002498751626,0.6142065356587418,60.70108927645697,CLOSED
2025-10-20T15:29:45.260365,2025-10-20T15:29:45.263367,ETH-USD,SELL,2585.82644,2588.41356,0.02,7.478883487438685e-09,-1.9348769048023422e-08,-0.09995002498751626,0.8090803464829898,31.819942252835038,CLOSED
2025-10-20T15:29:45.263367,2025-10-20T15:29:45.269434,ETH-USD,BUY,2588.41356,2585.82644,0.02,7.470959832769332e-09,-1.9328269602555246e-08,-0.09995002498751626,0.612626603348066,60.43776722467764,CLOSED
2025-10-20T15:29:45.269434,2025-10-20T15:29:45.270548,ETH-USD,SELL,2585.82644,2588.41356,0.02,7.47798604811981e-09,-1.9346447264812778e-08,-0.09995002498751626,0.7358979754704327,39.01700408826123,CLOSED
2025-10-20T15:29:45.270548,2025-10-20T15:29:45.270548,ETH-USD,BUY,2588.41356,2585.82644,0.02,7.470063344260733e-09,-1.9325950279204877e-08,-0.09995002498751626,0.7629050850650907,60.4841808441818,CLOSED
2025-10-20T15:29:45.270548,2025-10-20T15:29:45.272543,ETH-USD,SELL,2585.82644,2588.41356,0.02,7.477088716490454e-09,-1.9344125760207836e-08,-0.09995002498751626,0.7746907810995298,37.55153648341169,CLOSED
2025-10-20T15:29:45.272543,2025-10-20T15:29:45.275851,ETH-USD,BUY,2588.41356,2585.82644,0.02,7.469166963327556e-09,-1.9323631234165037e-08,-0.09995002498751626,0.6138062950686711,60.634382511445175,CLOSED
2025-10-20T15:29:45.275851,2025-10-20T15:29:45.277672,ETH-USD,SELL,2585.82644,2588.41356,0.02,7.47619149253769e-09,-1.934180453417516e-08,-0.09995002498751626,0.809203960386632,31.79933993556132,CLOSED
2025-10-20T15:29:45.277672,2025-10-20T15:29:45.281982,ETH-USD,BUY,2588.41356,2585.82644,0.02,7.468270689956889e-09,-1.9321312467402318e-08,-0.09995002498751626,0.7881225341500809,64.68708902501349,CLOSED
2025-10-20T15:29:45.281982,2025-10-20T15:29:45.285218,ETH-USD,SELL,2585.82644,2588.41356,0.02,7.475294376248593e-09,-1.933948358668131e-08,-0.09995002498751626,0.5511086154962727,39.815230750621225,CLOSED
2025-10-20T15:29:45.285218,2025-10-20T15:29:45.290477,ETH-USD,BUY,2588.41356,2585.82644,0.02,7.467374524135827e-09,-1.9318993978883334e-08,-0.09995002498751626,0.7063549227626549,61.05915379377581,CLOSED
2025-10-20T15:29:45.290477,2025-10-20T15:29:45.293886,ETH-USD,SELL,2585.82644,2588.41356,0.02,7.474397367610251e-09,-1.9337162917692887e-08,-0.09995002498751626,0.8144092551867003,30.931790802216618,CLOSED
2025-10-20T15:29:45.293886,2025-10-20T15:29:45.297607,ETH-USD,BUY,2588.41356,2585.82644,0.02,7.466478465851464e-09,-1.931667576857469e-08,-0.09995002498751626,0.7752111797166692,62.535196619444875,CLOSED
2025-10-20T15:29:45.297607,2025-10-20T15:29:45.298718,ETH-USD,STRONG_SELL,2585.82644,2588.41356,0.02,7.473500466609744e-09,-1.9334842527176452e-08,-0.09995002498751626,0.7929344848178613,19.510919197023103,CLOSED
2025-10-20T15:29:45.298718,2025-10-20T15:29:45.303005,ETH-USD,BUY,2588.41356,2585.82644,0.02,7.465582515090896e-09,-1.931435783644301e-08,-0.09995002498751626,0.7225717387997115,63.761956466618585,CLOSED
2025-10-20T15:29:45.303005,2025-10-20T15:29:45.303005,ETH-USD,SELL,2585.82644,2588.41356,0.02,7.472603673234155e-09,-1.9332522415098602e-08,-0.09995002498751626,0.7963058129797336,33.94903117004439,CLOSED
2025-10-20T15:29:45.303005,2025-10-20T15:29:45.303904,ETH-USD,BUY,2588.41356,2585.82644,0.02,7.464686671841222e-09,-1.9312040182454914e-08,-0.09995002498751626,0.7088845331696805,61.4807555282801,CLOSED
2025-10-20T15:29:45.303904,2025-10-20T15:29:45.305096,ETH-USD,SELL,2585.82644,2588.41356,0.02,7.471706987470568e-09,-1.9330202581425908e-08,-0.09995002498751626,0.7870213746891951,35.49643755180082,CLOSED
2025-10-20T15:29:45.305096,2025-10-20T15:29:45.306707,ETH-USD,BUY,2588.41356,2585.82644,0.02,7.463790936089539e-09,-1.930972280657702e-08,-0.09995002498751626,0.6807956735580197,61.79927892633662,CLOSED
2025-10-20T15:29:45.306707,2025-10-20T15:29:45.310392,ETH-USD,SELL,2585.82644,2588.41356,0.02,7.470810409306072e-09,-1.9327883026124976e-08,-0.09995002498751626,0.6722956991905874,39.61738346823544,CLOSED
2025-10-20T15:29:45.310392,2025-10-20T15:29:45.316540,ETH-USD,BUY,2588.41356,2585.82644,0.02,7.462895307822948e-09,-1.9307405708775957e-08,-0.09995002498751626,0.7380603402346048,61.34339003910079,CLOSED
2025-10-20T15:29:45.316540,2025-10-20T15:29:45.321056,ETH-USD,SELL,2585.82644,2588.41356,0.02,7.469913938727755e-09,-1.9325563749162403e-08,-0.09995002498751626,0.5937111365174125,37.714810580431255,CLOSED
2025-10-20T15:29:45.321056,2025-10-20T15:29:45.323056,ETH-USD,BUY,2588.41356,2585.82644,0.02,7.461999787028553e-09,-1.930508888901836e-08,-0.09995002498751626,0.8056927931279508,67.61546552132513,CLOSED
2025-10-20T15:29:45.323056,2025-10-20T15:29:45.323056,ETH-USD,SELL,2585.82644,2588.41356,0.02,7.469017575722707e-09,-1.932324475050478e-08,-0.09995002498751626,0.7731245419960726,37.8125763339879,CLOSED
2025-10-20T15:29:45.323056,2025-10-20T15:29:45.333679,ETH-USD,BUY,2588.41356,2585.82644,0.024891719581302603,9.285985891840393e-09,-2.4023959820499426e-08,-0.09995002498751626,0.6378103761718108,74.6350626953018,CLOSED
2025-10-20T15:29:45.333679,2025-10-20T15:29:45.334676,ETH-USD,SELL,2585.82644,2588.41356,0.02,7.468011772613099e-09,-1.9320642617163852e-08,-0.09995002498751626,0.7128922644699001,37.85128925501666,CLOSED
2025-10-20T15:29:45.234392,2025-10-20T15:29:45.340432,BTC-USD,SELL,66904.540995,66938.01,0.02,1.388592823084828e-08,-4.6474820138778753e-07,-0.04999999999998339,0.7852056012596279,35.79906645672868,CLOSED
2025-10-20T15:29:45.334676,2025-10-20T15:29:45.340432,ETH-USD,STRONG_BUY,2588.41356,2587.12,0.02,7.460099636202334e-09,-9.650086485406416e-09,-0.04997501249375258,0.883236020761155,80.53933679352585,CLOSED
